gamma,n_communities,modularity
0.25,4,0.42288486985755247
0.5,5,0.5000445801234665
0.75,7,0.5551601373693572
1.0,9,0.5700409205616076
1.25,10,0.5626465255118797
1.5,13,0.548967748018693
1.75,14,0.5437440207039284
2.0,17,0.5302653403089851
2.25,18,0.5226480413590713
2.5,21,0.5135129902814057
2.75,24,0.503444701563941
3.0,26,0.4974331450561247
